-- MySQL dump 10.13  Distrib 8.0.30, for Win64 (x86_64)
--
-- Host: localhost    Database: teltonika_avl
-- ------------------------------------------------------
-- Server version	8.0.30

/*!40101 SET @OLD_CHARACTER_SET_CLIENT=@@CHARACTER_SET_CLIENT */;
/*!40101 SET @OLD_CHARACTER_SET_RESULTS=@@CHARACTER_SET_RESULTS */;
/*!40101 SET @OLD_COLLATION_CONNECTION=@@COLLATION_CONNECTION */;
/*!50503 SET NAMES utf8 */;
/*!40103 SET @OLD_TIME_ZONE=@@TIME_ZONE */;
/*!40103 SET TIME_ZONE='+00:00' */;
/*!40014 SET @OLD_UNIQUE_CHECKS=@@UNIQUE_CHECKS, UNIQUE_CHECKS=0 */;
/*!40014 SET @OLD_FOREIGN_KEY_CHECKS=@@FOREIGN_KEY_CHECKS, FOREIGN_KEY_CHECKS=0 */;
/*!40101 SET @OLD_SQL_MODE=@@SQL_MODE, SQL_MODE='NO_AUTO_VALUE_ON_ZERO' */;
/*!40111 SET @OLD_SQL_NOTES=@@SQL_NOTES, SQL_NOTES=0 */;

--
-- Table structure for table `avl`
--

DROP TABLE IF EXISTS `avl`;
/*!40101 SET @saved_cs_client     = @@character_set_client */;
/*!50503 SET character_set_client = utf8mb4 */;
CREATE TABLE `avl` (
  `IMEI` char(15) NOT NULL,
  `Zero_Bytes` char(8) NOT NULL,
  `Data_Field_Length` char(8) NOT NULL,
  `Codec_ID` char(2) NOT NULL,
  `N_of_Data_1` char(2) NOT NULL,
  `N_of_Data_2` char(2) NOT NULL,
  `CRC_16` char(8) NOT NULL,
  PRIMARY KEY (`IMEI`)
) ENGINE=InnoDB DEFAULT CHARSET=utf8mb4 COLLATE=utf8mb4_0900_ai_ci;
/*!40101 SET character_set_client = @saved_cs_client */;

--
-- Dumping data for table `avl`
--

LOCK TABLES `avl` WRITE;
/*!40000 ALTER TABLE `avl` DISABLE KEYS */;
INSERT INTO `avl` VALUES ('863940052259432','00000000','000004d6','08','13','13','00005d94');
/*!40000 ALTER TABLE `avl` ENABLE KEYS */;
UNLOCK TABLES;

--
-- Table structure for table `data_packet`
--

DROP TABLE IF EXISTS `data_packet`;
/*!40101 SET @saved_cs_client     = @@character_set_client */;
/*!50503 SET character_set_client = utf8mb4 */;
CREATE TABLE `data_packet` (
  `Data_Packet_ID` varchar(17) NOT NULL,
  `Timestamp` char(16) NOT NULL,
  `Priority` char(2) NOT NULL,
  `Longitude` char(8) NOT NULL,
  `Latitude` char(8) NOT NULL,
  `Altitude` char(8) NOT NULL,
  `Angle` char(4) NOT NULL,
  `Satellites` char(2) NOT NULL,
  `Speed` char(4) NOT NULL,
  `Event_IO_ID` char(2) NOT NULL,
  `N_of_Total_ID` char(2) NOT NULL,
  `N1_of_One_Byte_IO` char(2) NOT NULL,
  `N2_of_Two_Bytes_IO` char(2) NOT NULL,
  `N4_of_Four_Bytes_IO` char(2) NOT NULL,
  `N8_of_Eight_Bytes_IO` char(2) NOT NULL,
  `AVL_IMEI` char(15) DEFAULT NULL,
  PRIMARY KEY (`Data_Packet_ID`),
  KEY `AVL_IMEI_idx` (`AVL_IMEI`),
  CONSTRAINT `IMEI` FOREIGN KEY (`AVL_IMEI`) REFERENCES `avl` (`IMEI`)
) ENGINE=InnoDB DEFAULT CHARSET=utf8mb4 COLLATE=utf8mb4_0900_ai_ci;
/*!40101 SET character_set_client = @saved_cs_client */;

--
-- Dumping data for table `data_packet`
--

LOCK TABLES `data_packet` WRITE;
/*!40000 ALTER TABLE `data_packet` DISABLE KEYS */;
INSERT INTO `data_packet` VALUES ('86394005225943201','0000018382ff8398','00','11566ede','187e6046','007b','0000','0a','0000','00','0c','05','05','02','00','863940052259432'),('86394005225943202','0000018382ff50d0','00','11566ede','187e6046','007b','0000','09','0000','00','0c','05','05','02','00','863940052259432'),('86394005225943203','0000018382ff29c0','00','11566ede','187e6046','007a','0000','0a','0000','00','0c','05','05','02','00','863940052259432'),('86394005225943204','0000018382ff02b0','00','11566ede','187e6046','007a','0000','0b','0000','00','0c','05','05','02','00','863940052259432'),('86394005225943205','0000018382fed7b8','00','11566ede','187e6046','0079','0000','0a','0000','00','0c','05','05','02','00','863940052259432'),('86394005225943206','0000018382feb0a8','00','11566ede','187e6046','0078','0000','0a','0000','00','0c','05','05','02','00','863940052259432'),('86394005225943207','0000018382fe8998','00','11566ede','187e6046','0077','0000','0b','0000','00','0c','05','05','02','00','863940052259432'),('86394005225943208','0000018382fe5ea0','00','11566ede','187e6046','0076','0000','0b','0000','00','0c','05','05','02','00','863940052259432'),('86394005225943209','0000018382fe3790','00','11566ede','187e6046','0075','0000','0a','0000','00','0c','05','05','02','00','863940052259432'),('86394005225943210','0000018382fe1080','00','11566ede','187e6046','0077','0000','0a','0000','00','0c','05','05','02','00','863940052259432'),('86394005225943211','0000018382fde970','00','11566ede','187e6046','0076','0000','0a','0000','00','0c','05','05','02','00','863940052259432'),('86394005225943212','0000018382fdc260','00','11566ede','187e6046','0075','0000','0a','0000','00','0c','05','05','02','00','863940052259432'),('86394005225943213','0000018382fd9b50','00','11566ede','187e6046','006e','0000','0b','0000','00','0c','05','05','02','00','863940052259432'),('86394005225943214','0000018382fd7440','00','11566ede','187e6046','006e','0000','0d','0000','00','0c','05','05','02','00','863940052259432'),('86394005225943215','0000018382fd4d30','00','11566ede','187e6046','0071','0000','0c','0000','00','0c','05','05','02','00','863940052259432'),('86394005225943216','0000018382fd2238','00','11566ede','187e6046','0071','0000','09','0000','00','0c','05','05','02','00','863940052259432'),('86394005225943217','0000018382fcfb28','00','11566ede','187e6046','0071','0000','0b','0000','00','0c','05','05','02','00','863940052259432'),('86394005225943218','0000018382fcd418','00','11566ede','187e6046','0076','0000','0b','0000','00','0c','05','05','02','00','863940052259432'),('86394005225943219','0000018382fcad08','00','11566ede','187e6046','007a','0000','0b','0000','00','0c','05','05','02','00','863940052259432');
/*!40000 ALTER TABLE `data_packet` ENABLE KEYS */;
UNLOCK TABLES;

--
-- Table structure for table `io`
--

DROP TABLE IF EXISTS `io`;
/*!40101 SET @saved_cs_client     = @@character_set_client */;
/*!50503 SET character_set_client = utf8mb4 */;
CREATE TABLE `io` (
  `Data_ID` varchar(17) NOT NULL,
  `IO_ID` varchar(10) NOT NULL,
  `Value` varchar(200) NOT NULL,
  PRIMARY KEY (`Data_ID`,`IO_ID`),
  KEY `IO_ID_idx` (`IO_ID`),
  CONSTRAINT `DATA_ID` FOREIGN KEY (`Data_ID`) REFERENCES `data_packet` (`Data_Packet_ID`),
  CONSTRAINT `IO_ID` FOREIGN KEY (`IO_ID`) REFERENCES `io_desc` (`IO_ID`)
) ENGINE=InnoDB DEFAULT CHARSET=utf8mb4 COLLATE=utf8mb4_0900_ai_ci;
/*!40101 SET character_set_client = @saved_cs_client */;

--
-- Dumping data for table `io`
--

LOCK TABLES `io` WRITE;
/*!40000 ALTER TABLE `io` DISABLE KEYS */;
INSERT INTO `io` VALUES ('86394005225943201','16','14634'),('86394005225943201','181','12'),('86394005225943201','182','9'),('86394005225943201','200','0'),('86394005225943201','21','5'),('86394005225943201','239','0'),('86394005225943201','240','0'),('86394005225943201','241','28601'),('86394005225943201','66','11942'),('86394005225943201','67','4165'),('86394005225943201','68','0'),('86394005225943201','69','1'),('86394005225943202','16','14634'),('86394005225943202','181','12'),('86394005225943202','182','9'),('86394005225943202','200','0'),('86394005225943202','21','5'),('86394005225943202','239','0'),('86394005225943202','240','0'),('86394005225943202','241','28601'),('86394005225943202','66','11942'),('86394005225943202','67','4165'),('86394005225943202','68','0'),('86394005225943202','69','1'),('86394005225943203','16','14634'),('86394005225943203','181','12'),('86394005225943203','182','9'),('86394005225943203','200','0'),('86394005225943203','21','5'),('86394005225943203','239','0'),('86394005225943203','240','0'),('86394005225943203','241','28601'),('86394005225943203','66','11942'),('86394005225943203','67','4165'),('86394005225943203','68','0'),('86394005225943203','69','1'),('86394005225943204','16','14634'),('86394005225943204','181','12'),('86394005225943204','182','9'),('86394005225943204','200','0'),('86394005225943204','21','5'),('86394005225943204','239','0'),('86394005225943204','240','0'),('86394005225943204','241','28601'),('86394005225943204','66','11941'),('86394005225943204','67','4165'),('86394005225943204','68','0'),('86394005225943204','69','1'),('86394005225943205','16','14634'),('86394005225943205','181','12'),('86394005225943205','182','9'),('86394005225943205','200','0'),('86394005225943205','21','5'),('86394005225943205','239','0'),('86394005225943205','240','0'),('86394005225943205','241','28601'),('86394005225943205','66','11935'),('86394005225943205','67','4165'),('86394005225943205','68','0'),('86394005225943205','69','1'),('86394005225943206','16','14634'),('86394005225943206','181','12'),('86394005225943206','182','9'),('86394005225943206','200','0'),('86394005225943206','21','5'),('86394005225943206','239','0'),('86394005225943206','240','0'),('86394005225943206','241','28601'),('86394005225943206','66','11935'),('86394005225943206','67','4165'),('86394005225943206','68','0'),('86394005225943206','69','1'),('86394005225943207','16','14634'),('86394005225943207','181','12'),('86394005225943207','182','9'),('86394005225943207','200','0'),('86394005225943207','21','5'),('86394005225943207','239','0'),('86394005225943207','240','0'),('86394005225943207','241','28601'),('86394005225943207','66','11932'),('86394005225943207','67','4165'),('86394005225943207','68','0'),('86394005225943207','69','1'),('86394005225943208','16','14634'),('86394005225943208','181','12'),('86394005225943208','182','10'),('86394005225943208','200','0'),('86394005225943208','21','5'),('86394005225943208','239','0'),('86394005225943208','240','0'),('86394005225943208','241','28601'),('86394005225943208','66','11941'),('86394005225943208','67','4165'),('86394005225943208','68','0'),('86394005225943208','69','1'),('86394005225943209','16','14634'),('86394005225943209','181','12'),('86394005225943209','182','10'),('86394005225943209','200','0'),('86394005225943209','21','5'),('86394005225943209','239','0'),('86394005225943209','240','0'),('86394005225943209','241','28601'),('86394005225943209','66','11941'),('86394005225943209','67','4165'),('86394005225943209','68','0'),('86394005225943209','69','1'),('86394005225943210','16','14634'),('86394005225943210','181','12'),('86394005225943210','182','10'),('86394005225943210','200','0'),('86394005225943210','21','5'),('86394005225943210','239','0'),('86394005225943210','240','0'),('86394005225943210','241','28601'),('86394005225943210','66','11941'),('86394005225943210','67','4165'),('86394005225943210','68','0'),('86394005225943210','69','1'),('86394005225943211','16','14634'),('86394005225943211','181','12'),('86394005225943211','182','9'),('86394005225943211','200','0'),('86394005225943211','21','5'),('86394005225943211','239','0'),('86394005225943211','240','0'),('86394005225943211','241','28601'),('86394005225943211','66','11900'),('86394005225943211','67','4165'),('86394005225943211','68','0'),('86394005225943211','69','1'),('86394005225943212','16','14634'),('86394005225943212','181','11'),('86394005225943212','182','8'),('86394005225943212','200','0'),('86394005225943212','21','5'),('86394005225943212','239','0'),('86394005225943212','240','0'),('86394005225943212','241','28601'),('86394005225943212','66','11942'),('86394005225943212','67','4165'),('86394005225943212','68','0'),('86394005225943212','69','1'),('86394005225943213','16','14634'),('86394005225943213','181','11'),('86394005225943213','182','8'),('86394005225943213','200','0'),('86394005225943213','21','5'),('86394005225943213','239','0'),('86394005225943213','240','0'),('86394005225943213','241','28601'),('86394005225943213','66','11942'),('86394005225943213','67','4165'),('86394005225943213','68','0'),('86394005225943213','69','1'),('86394005225943214','16','14634'),('86394005225943214','181','11'),('86394005225943214','182','8'),('86394005225943214','200','0'),('86394005225943214','21','5'),('86394005225943214','239','0'),('86394005225943214','240','0'),('86394005225943214','241','28601'),('86394005225943214','66','11941'),('86394005225943214','67','4165'),('86394005225943214','68','0'),('86394005225943214','69','1'),('86394005225943215','16','14634'),('86394005225943215','181','12'),('86394005225943215','182','9'),('86394005225943215','200','0'),('86394005225943215','21','5'),('86394005225943215','239','0'),('86394005225943215','240','0'),('86394005225943215','241','28601'),('86394005225943215','66','11936'),('86394005225943215','67','4165'),('86394005225943215','68','0'),('86394005225943215','69','1'),('86394005225943216','16','14634'),('86394005225943216','181','12'),('86394005225943216','182','9'),('86394005225943216','200','0'),('86394005225943216','21','5'),('86394005225943216','239','0'),('86394005225943216','240','0'),('86394005225943216','241','28601'),('86394005225943216','66','11935'),('86394005225943216','67','4165'),('86394005225943216','68','0'),('86394005225943216','69','1'),('86394005225943217','16','14634'),('86394005225943217','181','12'),('86394005225943217','182','9'),('86394005225943217','200','0'),('86394005225943217','21','5'),('86394005225943217','239','0'),('86394005225943217','240','0'),('86394005225943217','241','28601'),('86394005225943217','66','11935'),('86394005225943217','67','4165'),('86394005225943217','68','0'),('86394005225943217','69','1'),('86394005225943218','16','14634'),('86394005225943218','181','13'),('86394005225943218','182','10'),('86394005225943218','200','0'),('86394005225943218','21','5'),('86394005225943218','239','0'),('86394005225943218','240','0'),('86394005225943218','241','28601'),('86394005225943218','66','11933'),('86394005225943218','67','4165'),('86394005225943218','68','0'),('86394005225943218','69','1'),('86394005225943219','16','14634'),('86394005225943219','181','12'),('86394005225943219','182','9'),('86394005225943219','200','0'),('86394005225943219','21','5'),('86394005225943219','239','0'),('86394005225943219','240','0'),('86394005225943219','241','28601'),('86394005225943219','66','11943'),('86394005225943219','67','4165'),('86394005225943219','68','0'),('86394005225943219','69','1');
/*!40000 ALTER TABLE `io` ENABLE KEYS */;
UNLOCK TABLES;

--
-- Table structure for table `io_desc`
--

DROP TABLE IF EXISTS `io_desc`;
/*!40101 SET @saved_cs_client     = @@character_set_client */;
/*!50503 SET character_set_client = utf8mb4 */;
CREATE TABLE `io_desc` (
  `IO_ID` varchar(10) NOT NULL,
  `Property_Name` varchar(200) NOT NULL,
  `Description` varchar(1000) DEFAULT NULL,
  PRIMARY KEY (`IO_ID`)
) ENGINE=InnoDB DEFAULT CHARSET=utf8mb4 COLLATE=utf8mb4_0900_ai_ci;
/*!40101 SET character_set_client = @saved_cs_client */;

--
-- Dumping data for table `io_desc`
--

LOCK TABLES `io_desc` WRITE;
/*!40000 ALTER TABLE `io_desc` DISABLE KEYS */;
INSERT INTO `io_desc` VALUES ('16','Total Odometer','Total Odometer value'),('181','GNSS PDOP','Probability'),('182','GNSS HDOP','Probability'),('200','Sleep Mode','0 - Sleep modes disabled, 1 - GNSS sleep, 2 - Deep sleep, 3 - Online deep sleep, 4 - Ultra deep sleep'),('21','GSM Signal','Value in scale 1-5'),('239','Ignition','0 - Ignition Off, 1 - Ignition On'),('240','Movement','0 - Movement Off, 1 - Movement On'),('241','Active GSM Operator','Currently used GSM Operator code'),('66','External Voltage','IO element is used to measure External Voltage, when External Voltage is < 65V.'),('67','Battery Voltage','Voltage'),('68','Battery Current','Current'),('69','GNSS Status','0 - GNSS OFF, 1 - GNSS ON with fix, 2 - GNSS ON without fix, 3 - GNSS sleep');
/*!40000 ALTER TABLE `io_desc` ENABLE KEYS */;
UNLOCK TABLES;
/*!40103 SET TIME_ZONE=@OLD_TIME_ZONE */;

/*!40101 SET SQL_MODE=@OLD_SQL_MODE */;
/*!40014 SET FOREIGN_KEY_CHECKS=@OLD_FOREIGN_KEY_CHECKS */;
/*!40014 SET UNIQUE_CHECKS=@OLD_UNIQUE_CHECKS */;
/*!40101 SET CHARACTER_SET_CLIENT=@OLD_CHARACTER_SET_CLIENT */;
/*!40101 SET CHARACTER_SET_RESULTS=@OLD_CHARACTER_SET_RESULTS */;
/*!40101 SET COLLATION_CONNECTION=@OLD_COLLATION_CONNECTION */;
/*!40111 SET SQL_NOTES=@OLD_SQL_NOTES */;

-- Dump completed on 2022-09-30  9:57:07
